user1@dt.com,user1
user2@dt.com,user2
user3@dt.com,user3
user4@dt.com,user4
user5@dt.com,user5
user6@dt.com,user6
user7@dt.com,user7
user8@dt.com,user8
user9@dt.com,user9
user10@dt.com,user10
user11@dt.com,user11
user12@dt.com,user12
user13@dt.com,user13
user14@dt.com,user14
user15@dt.com,user15
user16@dt.com,user16
user17@dt.com,user17
user18@dt.com,user18
user19@dt.com,user19
user20@dt.com,user20
user21@dt.com,user21
user22@dt.com,user22
user23@dt.com,user23
user24@dt.com,user24
user25@dt.com,user25
user26@dt.com,user26
user27@dt.com,user27
user28@dt.com,user28
user29@dt.com,user29
user30@dt.com,user30
user31@dt.com,user31
user32@dt.com,user32
user33@dt.com,user33
user34@dt.com,user34
user35@dt.com,user35
user36@dt.com,user36
user37@dt.com,user37
user38@dt.com,user38
user39@dt.com,user39
user40@dt.com,user40
user41@dt.com,user41
user42@dt.com,user42
user43@dt.com,user43
user44@dt.com,user44
user45@dt.com,user45
user46@dt.com,user46
user47@dt.com,user47
user48@dt.com,user48
user49@dt.com,user49
user50@dt.com,user50
user51@dt.com,user51
user52@dt.com,user52
user53@dt.com,user53
user54@dt.com,user54
user55@dt.com,user55
user56@dt.com,user56
user57@dt.com,user57
user58@dt.com,user58
user59@dt.com,user59
user60@dt.com,user60
user61@dt.com,user61
user62@dt.com,user62
user63@dt.com,user63
user64@dt.com,user64
user65@dt.com,user65
user66@dt.com,user66
user67@dt.com,user67
user68@dt.com,user68
user69@dt.com,user69
user70@dt.com,user70
user71@dt.com,user71
user72@dt.com,user72
user73@dt.com,user73
user74@dt.com,user74
user75@dt.com,user75
user76@dt.com,user76
user77@dt.com,user77
user78@dt.com,user78
user79@dt.com,user79
user80@dt.com,user80
user81@dt.com,user81
user82@dt.com,user82
user83@dt.com,user83
user84@dt.com,user84
user85@dt.com,user85
user86@dt.com,user86
user87@dt.com,user87
user88@dt.com,user88
user89@dt.com,user89
user90@dt.com,user90
user91@dt.com,user91
user92@dt.com,user92
user93@dt.com,user93
user94@dt.com,user94
user95@dt.com,user95
user96@dt.com,user96
user97@dt.com,user97
user98@dt.com,user98
user99@dt.com,user99
user100@dt.com,user100
